<?xml version="1.0" encoding="UTF-8" ?>
<!DOCTYPE mapper
  PUBLIC "-//mybatis.org//DTD Mapper 3.0//EN"
  "http://mybatis.org/dtd/mybatis-3-mapper.dtd">
  
  <!-- 配置SQL语句 -->
<mapper namespace="com.firefox.mybatis.mappers.ConjuserMapper">
	<!-- 在ResultMap中配置 类中属性和表中字段的对应关系 -->
	<resultMap type="Conjuser" id="ConjuserResultMap">
		<!-- 必选按照构造方法的参数顺序配置   column 和javaType必须写 只能配置一个Contructor -->
		<constructor>
			<idArg column="id"  javaType="int"  />
			<arg column="username" javaType="String" />
			<arg column="upassword" javaType="String" />
		</constructor>
<!-- 	<constructor>
			<idArg column="id"  javaType="int"  />
			<arg column="username" javaType="String" />
			<arg column="upassword" javaType="String" />
		</constructor> -->
	</resultMap>
	<select id="selectConjuserByName" resultMap="ConjuserResultMap">
		select * from muser where username like "%"#{name}"%"
	</select>
</mapper>