<?xml version="1.0" encoding="UTF-8" ?>
<!DOCTYPE mapper
  PUBLIC "-//mybatis.org//DTD Mapper 3.0//EN"
  "http://mybatis.org/dtd/mybatis-3-mapper.dtd">
  
  <!-- 配置SQL语句 -->
<mapper namespace="com.firefox.mybatis.mappers.UserMapper">
	<insert id="addUser" parameterType="User" keyProperty="id">
		insert into muser(username,upassword) values(#{username},#{upassword})
	</insert>
	<update id="updateUser" parameterType="User">
		 update muser set username = #{username},upassword = #{upassword} where id= #{id}
	</update>
	<delete id="deleteUser">
		delete from muser where id=#{id}
	</delete>
	<select id="selectUserAll" resultType="User">
		select * from muser
	</select>
	<select id="selectUserById" resultType="User">
		select * from muser where id=#{id}
	</select>
	<select id="selectUserByName" resultType="User">
		select * from muser where username like "%"#{name}"%"
	</select>
</mapper>
