<?xml version="1.0" encoding="UTF-8" ?>
<!DOCTYPE configuration
  PUBLIC "-//mybatis.org//DTD Config 3.0//EN"
  "http://mybatis.org/dtd/mybatis-3-config.dtd">
	<configuration>
		<properties resource="jdbc.properties"/>
		<settings>
  			<setting name="useGeneratedKeys" value="true"/>
		</settings>
		<typeAliases>
			<package name="com.firefox.mybatis.domain"/>
		</typeAliases>
		<environments default="development">
			<environment id="development">
				<transactionManager type="JDBC"></transactionManager><!-- 事务管理器 -->
		         <dataSource type="POOLED"><!-- mybatis自带数据源  -->
		            <property name="driver" value="${driver}"/>
		            <property name="url" value="${url}"/>
		            <property name="username" value="${username}"/>
		            <property name="password" value="${password}"/>
		         </dataSource>
			</environment>
		</environments>
		<!-- ORM映射文件 -->
		<mappers>
			<mapper resource="com/firefox/mybatis/mappers/UserMapper.xml"/>
			<mapper resource="com/firefox/mybatis/mappers/JuserMapper.xml"/>
			<mapper resource="com/firefox/mybatis/mappers/ConjuserMapper.xml"/>
		</mappers>
	</configuration>